Model,Accuracy,AUC
Logistic_Regression,0.6166666666666667,0.6195286195286195
Random_Forest,0.43333333333333335,0.4590347923681256
Gradient_Boosting,0.5,0.5594837261503929
XGBoost,0.48333333333333334,0.5679012345679012
